<?xml version="1.0"?>
<!DOCTYPE hibernate-mapping PUBLIC
"-//Hibernate/Hibernate Mapping DTD 3.0//EN"
"http://hibernate.sourceforge.net/hibernate-mapping-3.0.dtd">
<hibernate-mapping >
   <class name="cn.hzhy.students.entity.Student" table="students" schema="hzhy">
    <!-- 配置对象标识符和数据库表主键之间的映射关系 -->
    <id name="sid" column="sid" type="java.lang.Integer">
      <!-- 主键生成策略 -->
      <generator class="sequence">
        <param name="sequence">seq_students</param>
      </generator>
    </id>
    <property name="name" column="name" type="java.lang.String"></property>
    <property name="sex" column="sex" type="java.lang.String"></property>
    <property name="age" column="age" type="java.lang.Integer"></property>
    <property name="grade" column="grade" type="java.lang.String"></property>
    <property name="major" column="major" type="java.lang.String"></property>
    <property name="address" column="address" type="java.lang.String"></property>
  </class>
  <query name="getStudentById">
    <![CDATA[
	    from Employee where sid=:sid
    ]]>  
  </query>
</hibernate-mapping>